-0.6372528,0.19091797,10.115631,1478540680287,3,1478540678018
-0.5762329,0.16937256,10.17186,1478540680302,3,1478540678018
-0.59298706,0.17774963,10.123993,1478540680322,3,1478540678025
-0.5977783,0.19329834,10.157501,1478540680342,3,1478540678045
-0.59298706,0.1980896,10.164673,1478540680362,3,1478540678065
-0.61213684,0.17176819,10.12999,1478540680382,3,1478540678088
-0.6145172,0.16099548,10.15271,1478540680402,3,1478540678105
-0.6145172,0.17655945,10.128784,1478540680422,3,1478540678125
-0.5953827,0.18014526,10.186218,1478540680443,3,1478540678146
-0.5953827,0.20048523,10.12999,1478540680462,3,1478540678165
-0.58102417,0.18852234,10.127594,1478540680482,3,1478540678185
-0.5881958,0.16937256,10.144333,1478540680504,3,1478540678210
-0.5989685,0.17176819,10.126389,1478540680526,3,1478540678228
-0.6252899,0.1478424,10.144333,1478540680542,3,1478540678245
-0.64323425,0.18373108,10.107254,1478540680562,3,1478540678263
-0.5881958,0.175354,10.159897,1478540680581,3,1478540678284
-0.5690613,0.15142822,10.145538,1478540680602,3,1478540678304
-0.5870056,0.15861511,10.13237,1478540680622,3,1478540678324
-0.6145172,0.19329834,10.140747,1478540680642,3,1478540678345
-0.6252899,0.16220093,10.113235,1478540680663,3,1478540678365
-0.6097412,0.15861511,10.170654,1478540680683,3,1478540678385
-0.60853577,0.18133545,10.13118,1478540680703,3,1478540678405
-0.58940125,0.17295837,10.135971,1478540680722,3,1478540678427
-0.57743835,0.18133545,10.134766,1478540680742,3,1478540678445
-0.60494995,0.17416382,10.128784,1478540680762,3,1478540678464
-0.5965729,0.19450378,10.121613,1478540680782,3,1478540678484
-0.62409973,0.15621948,10.144333,1478540680802,3,1478540678505
-0.63964844,0.15023804,10.179031,1478540680822,3,1478540678525
-0.6599884,0.15740967,10.134766,1478540680842,3,1478540678544
-0.6109314,0.16459656,10.143143,1478540680862,3,1478540678564
-0.58940125,0.1980896,10.170654,1478540680882,3,1478540678588
-0.6073456,0.1873169,10.13237,1478540680902,3,1478540678606
-0.6061554,0.19329834,10.149124,1478540680922,3,1478540678625
-0.60375977,0.19329834,10.128784,1478540680942,3,1478540678644
-0.59059143,0.15621948,10.163483,1478540680962,3,1478540678665
-0.60494995,0.175354,10.122803,1478540680982,3,1478540678685
-0.6097412,0.21603394,10.168274,1478540681002,3,1478540678707
-0.5977783,0.20646667,10.157501,1478540681022,3,1478540678725
-0.59417725,0.17176819,10.15271,1478540681043,3,1478540678745
-0.6193085,0.15501404,10.156311,1478540681062,3,1478540678765
-0.6061554,0.16818237,10.094086,1478540681082,3,1478540678785
-0.6217041,0.16937256,10.196976,1478540681102,3,1478540678805
-0.57862854,0.18133545,10.101273,1478540681122,3,1478540678824
-0.6300812,0.22441101,10.183823,1478540681141,3,1478540678843
-0.62409973,0.18612671,10.155106,1478540681161,3,1478540678863
-0.6109314,0.15621948,10.133575,1478540681182,3,1478540678884
-0.6145172,0.17893982,10.187408,1478540681201,3,1478540678903
-0.59298706,0.19927979,10.13237,1478540681222,3,1478540678924
-0.56547546,0.19689941,10.15152,1478540681242,3,1478540678945
-0.6073456,0.18133545,10.122803,1478540681262,3,1478540678965
-0.65519714,0.18612671,10.190994,1478540681282,3,1478540678985
-0.6001587,0.16937256,10.118011,1478540681301,3,1478540679004
-0.6193085,0.1370697,10.150314,1478540681321,3,1478540679024
-0.6444397,0.18612671,10.143143,1478540681343,3,1478540679046
-0.65042114,0.19450378,10.126389,1478540681362,3,1478540679064
-0.5953827,0.16937256,10.174255,1478540681382,3,1478540679084
-0.62049866,0.1825409,10.153915,1478540681402,3,1478540679104
-0.6456299,0.19210815,10.133575,1478540681422,3,1478540679124
-0.61213684,0.20167542,10.126389,1478540681442,3,1478540679144
-0.62049866,0.16459656,10.126389,1478540681462,3,1478540679164
-0.6025543,0.17416382,10.185013,1478540681482,3,1478540679185
-0.64323425,0.16220093,10.11203,1478540681501,3,1478540679204
-0.62409973,0.19091797,10.175446,1478540681522,3,1478540679228
-0.6061554,0.19329834,10.147934,1478540681542,3,1478540679244
-0.6097412,0.16339111,10.127594,1478540681561,3,1478540679271
-0.6145172,0.16578674,10.180237,1478540681582,3,1478540679285
-0.61572266,0.15263367,10.139557,1478540681601,3,1478540679304
-0.6528015,0.16697693,10.174255,1478540681621,3,1478540679325
-0.6372528,0.18852234,10.127594,1478540681644,3,1478540679354
-0.5977783,0.1873169,10.149124,1478540681663,3,1478540679368
-0.6061554,0.15382385,10.150314,1478540681682,3,1478540679386
-0.6264801,0.16220093,10.118011,1478540681701,3,1478540679404
-0.6300812,0.17295837,10.180237,1478540681722,3,1478540679426
-0.63127136,0.16937256,10.133575,1478540681741,3,1478540679445
-0.6348572,0.18373108,10.139557,1478540681762,3,1478540679464
-0.61572266,0.19569397,10.1467285,1478540681781,3,1478540679483
-0.6228943,0.18373108,10.107254,1478540681801,3,1478540679503
-0.59417725,0.16459656,10.188614,1478540681820,3,1478540679522
-0.60853577,0.17416382,10.098877,1478540681841,3,1478540679543
-0.64682007,0.21484375,10.133575,1478540681861,3,1478540679563
-0.65878296,0.18493652,10.165878,1478540681881,3,1478540679583
-0.6193085,0.16697693,10.135971,1478540681901,3,1478540679603
-0.62768555,0.15861511,10.161087,1478540681921,3,1478540679623
-0.6025543,0.18373108,10.10965,1478540681941,3,1478540679643
-0.5977783,0.18971252,10.17186,1478540681961,3,1478540679664
-0.62768555,0.18971252,10.113235,1478540681981,3,1478540679686
-0.6492157,0.20526123,10.149124,1478540682001,3,1478540679703
-0.6001587,0.17295837,10.1419525,1478540682021,3,1478540679723
-0.59417725,0.1370697,10.15271,1478540682041,3,1478540679746
-0.6444397,0.17655945,10.163483,1478540682061,3,1478540679763
-0.63964844,0.17176819,10.144333,1478540682081,3,1478540679783
-0.6145172,0.17893982,10.159897,1478540682101,3,1478540679804
-0.6217041,0.17655945,10.134766,1478540682121,3,1478540679823
-0.63964844,0.17774963,10.1467285,1478540682141,3,1478540679845
-0.61691284,0.15501404,10.145538,1478540682161,3,1478540679863
-0.62409973,0.15382385,10.147934,1478540682181,3,1478540679883
-0.6444397,0.18373108,10.17186,1478540682201,3,1478540679904
-0.63127136,0.18612671,10.094086,1478540682221,3,1478540679933
-0.5858154,0.1873169,10.182617,1478540682241,3,1478540679944
-0.6025543,0.18373108,10.12999,1478540682260,3,1478540679964
-0.6300812,0.20765686,10.165878,1478540682280,3,1478540679982
-0.6348572,0.1873169,10.17186,1478540682301,3,1478540680005
-0.62409973,0.16818237,10.128784,1478540682320,3,1478540680023
-0.61691284,0.16459656,10.147934,1478540682341,3,1478540680042
-0.5965729,0.170578,10.114426,1478540682360,3,1478540680063
-0.6145172,0.18971252,10.190994,1478540682380,3,1478540680082
-0.6025543,0.17655945,10.144333,1478540682400,3,1478540680102
-0.62409973,0.170578,10.134766,1478540682421,3,1478540680122
-0.62887573,0.19210815,10.163483,1478540682441,3,1478540680143
-0.62887573,0.17295837,10.118011,1478540682461,3,1478540680163
-0.62887573,0.16220093,10.149124,1478540682481,3,1478540680183
-0.6444397,0.1825409,10.121613,1478540682501,3,1478540680203
-0.59417725,0.19450378,10.149124,1478540682521,3,1478540680223
-0.5989685,0.18373108,10.15271,1478540682541,3,1478540680244
-0.62409973,0.170578,10.126389,1478540682561,3,1478540680263
-0.64682007,0.20765686,10.1670685,1478540682581,3,1478540680295
-0.6444397,0.1825409,10.137161,1478540682601,3,1478540680323
-0.6181183,0.16099548,10.149124,1478540682623,3,1478540680335
-0.6348572,0.20407104,10.138351,1478540682644,3,1478540680356
-0.62887573,0.18493652,10.150314,1478540682660,3,1478540680364
-0.62049866,0.1598053,10.168274,1478540682680,3,1478540680381
-0.6061554,0.175354,10.143143,1478540682700,3,1478540680401
-0.61213684,0.20048523,10.159897,1478540682721,3,1478540680423
-0.6109314,0.16937256,10.10965,1478540682741,3,1478540680453
-0.63964844,0.17774963,10.157501,1478540682761,3,1478540680463
-0.66955566,0.18852234,10.122803,1478540682781,3,1478540680483
-0.61691284,0.17176819,10.138351,1478540682801,3,1478540680503
-0.48770142,0.13827515,11.351517,1478540682821,3,1478540680528
-0.682724,0.11314392,10.66597,1478540682840,3,1478540680542
-0.6719513,0.19569397,10.1622925,1478540682859,3,1478540680561
-0.5858154,0.18971252,10.108444,1478540682880,3,1478540680582
-0.65519714,0.17774963,10.305862,1478540682901,3,1478540680604
-0.6575928,0.20407104,10.095291,1478540682920,3,1478540680622
-0.64204407,0.18133545,10.083328,1478540682941,3,1478540680643
-0.57743835,0.15861511,10.158691,1478540682960,3,1478540680661
-0.6193085,0.15740967,10.157501,1478540682979,3,1478540680681
-0.6264801,0.1980896,10.13118,1478540682999,3,1478540680701
-0.6360626,0.19329834,10.125198,1478540683019,3,1478540680721
-0.62887573,0.170578,10.19339,1478540683040,3,1478540680741
-0.62768555,0.15501404,10.137161,1478540683060,3,1478540680762
-0.6360626,0.16697693,10.147934,1478540683079,3,1478540680781
-0.59059143,0.19450378,10.159897,1478540683099,3,1478540680801
-0.61213684,0.2088623,10.120407,1478540683119,3,1478540680821
-0.62409973,0.19927979,10.155106,1478540683139,3,1478540680841
-0.6348572,0.18971252,10.15152,1478540683159,3,1478540680861
-0.62768555,0.1478424,10.168274,1478540683182,3,1478540680884
-0.633667,0.15861511,10.123993,1478540683199,3,1478540680901
-0.61572266,0.1980896,10.128784,1478540683219,3,1478540680921
-0.63246155,0.21484375,10.189804,1478540683240,3,1478540680941
-0.6348572,0.18133545,10.128784,1478540683260,3,1478540680965
-0.62768555,0.1980896,10.127594,1478540683279,3,1478540680981
-0.6228943,0.14544678,10.128784,1478540683299,3,1478540681001
-0.59298706,0.17176819,10.176636,1478540683319,3,1478540681021
-0.6348572,0.18133545,10.135971,1478540683339,3,1478540681041
-0.6707611,0.18373108,10.15271,1478540683360,3,1478540681069
-0.6300812,0.170578,10.161087,1478540683380,3,1478540681082
-0.60853577,0.17176819,10.120407,1478540683399,3,1478540681102
-0.6025543,0.1825409,10.181427,1478540683420,3,1478540681122
-0.6348572,0.20407104,10.115631,1478540683439,3,1478540681141
-0.64682007,0.1873169,10.1467285,1478540683459,3,1478540681161
-0.63964844,0.20048523,10.159897,1478540683480,3,1478540681182
-0.6228943,0.1598053,10.106049,1478540683500,3,1478540681205
-0.6228943,0.1598053,10.169464,1478540683519,3,1478540681224
-0.6181183,0.17655945,10.104858,1478540683540,3,1478540681244
-0.6001587,0.19689941,10.176636,1478540683559,3,1478540681261
-0.61691284,0.18373108,10.133575,1478540683579,3,1478540681281
-0.62049866,0.16818237,10.15152,1478540683599,3,1478540681301
-0.58940125,0.15861511,10.170654,1478540683619,3,1478540681321
-0.64204407,0.175354,10.122803,1478540683639,3,1478540681343
-0.63246155,0.19569397,10.189804,1478540683659,3,1478540681361
-0.63845825,0.16697693,10.114426,1478540683681,3,1478540681390
-0.5977783,0.15263367,10.165878,1478540683699,3,1478540681403
-0.62409973,0.16339111,10.104858,1478540683719,3,1478540681423
-0.60853577,0.17416382,10.161087,1478540683739,3,1478540681442
-0.5977783,0.1825409,10.149124,1478540683759,3,1478540681461
-0.6300812,0.19689941,10.107254,1478540683779,3,1478540681480
-0.6456299,0.19091797,10.17186,1478540683799,3,1478540681500
-0.6193085,0.16459656,10.15152,1478540683819,3,1478540681521
-0.613327,0.16697693,10.1622925,1478540683839,3,1478540681545
-0.63246155,0.18493652,10.157501,1478540683859,3,1478540681561
-0.6109314,0.18971252,10.121613,1478540683879,3,1478540681581
-0.59417725,0.18612671,10.188614,1478540683899,3,1478540681601
-0.6360626,0.16220093,10.127594,1478540683919,3,1478540681621
-0.63964844,0.17655945,10.164673,1478540683949,3,1478540681651
-0.62887573,0.16818237,10.164673,1478540683960,3,1478540681664
-0.6217041,0.16697693,10.113235,1478540683979,3,1478540681689
-0.6444397,0.1873169,10.1622925,1478540683998,3,1478540681700
-0.6360626,0.18373108,10.113235,1478540684018,3,1478540681720
-0.5881958,0.17416382,10.1670685,1478540684039,3,1478540681741
-0.6061554,0.1478424,10.126389,1478540684058,3,1478540681760
-0.6372528,0.17295837,10.156311,1478540684078,3,1478540681780
-0.64323425,0.1825409,10.122803,1478540684098,3,1478540681800
-0.633667,0.18493652,10.144333,1478540684119,3,1478540681820
-0.62049866,0.17416382,10.174255,1478540684139,3,1478540681841
-0.6145172,0.20765686,10.133575,1478540684158,3,1478540681860
-0.61213684,0.170578,10.1467285,1478540684178,3,1478540681882
-0.63246155,0.16937256,10.1419525,1478540684198,3,1478540681900
-0.62049866,0.16697693,10.13118,1478540684218,3,1478540681920
-0.62049866,0.18133545,10.15152,1478540684238,3,1478540681940
-0.6264801,0.16220093,10.140747,1478540684258,3,1478540681960
-0.64323425,0.16459656,10.170654,1478540684278,3,1478540681980
-0.6719513,0.1873169,10.116821,1478540684298,3,1478540681999
-0.6109314,0.15621948,10.17305,1478540684318,3,1478540682019
-0.59059143,0.17893982,10.102463,1478540684339,3,1478540682041
-0.62887573,0.18612671,10.133575,1478540684359,3,1478540682061
-0.64204407,0.19210815,10.155106,1478540684378,3,1478540682080
-0.6300812,0.18373108,10.122803,1478540684399,3,1478540682101
-0.6252899,0.16339111,10.168274,1478540684418,3,1478540682120
-0.6372528,0.175354,10.115631,1478540684439,3,1478540682141
-0.6193085,0.17893982,10.164673,1478540684458,3,1478540682161
-0.63845825,0.19091797,10.150314,1478540684479,3,1478540682183
-0.6252899,0.17416382,10.120407,1478540684498,3,1478540682200
-0.5965729,0.19569397,10.17186,1478540684519,3,1478540682221
-0.6025543,0.18612671,10.108444,1478540684539,3,1478540682242
-0.613327,0.1490326,10.188614,1478540684559,3,1478540682261
-0.6755371,0.16220093,10.114426,1478540684579,3,1478540682281
-0.6516113,0.18373108,10.155106,1478540684599,3,1478540682301
-0.61572266,0.18133545,10.143143,1478540684619,3,1478540682320
-0.60136414,0.20765686,10.133575,1478540684640,3,1478540682341
-0.6073456,0.17655945,10.170654,1478540684659,3,1478540682363
-0.633667,0.18373108,10.095291,1478540684679,3,1478540682381
-0.64204407,0.14425659,10.183823,1478540684699,3,1478540682401
-0.6599884,0.17416382,10.120407,1478540684719,3,1478540682420
-0.63246155,0.18852234,10.156311,1478540684739,3,1478540682441
-0.61691284,0.2088623,10.150314,1478540684759,3,1478540682461
-0.60494995,0.1825409,10.114426,1478540684779,3,1478540682481
-0.6252899,0.18493652,10.1467285,1478540684799,3,1478540682501
-0.6181183,0.17176819,10.125198,1478540684819,3,1478540682521
-0.5989685,0.15740967,10.17305,1478540684839,3,1478540682541
-0.61691284,0.19450378,10.102463,1478540684859,3,1478540682561
-0.6181183,0.18612671,10.138351,1478540684879,3,1478540682581
-0.62768555,0.19091797,10.138351,1478540684899,3,1478540682601
-0.65519714,0.16099548,10.139557,1478540684919,3,1478540682621
-0.65878296,0.16459656,10.153915,1478540684939,3,1478540682641
-0.60494995,0.19091797,10.115631,1478540684959,3,1478540682661
-0.6073456,0.18133545,10.177841,1478540684979,3,1478540682681
-0.6348572,0.20288086,10.134766,1478540684999,3,1478540682701
-0.6599884,0.16697693,10.127594,1478540685019,3,1478540682721
-0.61572266,0.15740967,10.165878,1478540685039,3,1478540682741
-0.6061554,0.16818237,10.127594,1478540685059,3,1478540682761
-0.6300812,0.1980896,10.174255,1478540685079,3,1478540682781
-0.6408386,0.20407104,10.123993,1478540685100,3,1478540682804
-0.6025543,0.17295837,10.168274,1478540685119,3,1478540682821
-0.6073456,0.15501404,10.133575,1478540685139,3,1478540682841
-0.6372528,0.15740967,10.121613,1478540685160,3,1478540682862
-0.60853577,0.18373108,10.1467285,1478540685178,3,1478540682880
-0.5953827,0.18373108,10.1419525,1478540685199,3,1478540682900
-0.6193085,0.19091797,10.168274,1478540685219,3,1478540682929
-0.6360626,0.19329834,10.147934,1478540685239,3,1478540682941
-0.6181183,0.14663696,10.138351,1478540685264,3,1478540682969
-0.63845825,0.14663696,10.153915,1478540685279,3,1478540682983
-0.62768555,0.17176819,10.114426,1478540685299,3,1478540683001
-0.61213684,0.20167542,10.169464,1478540685319,3,1478540683021
-0.60494995,0.20288086,10.119217,1478540685339,3,1478540683040
-0.62409973,0.16818237,10.17186,1478540685359,3,1478540683060
-0.64323425,0.18493652,10.116821,1478540685379,3,1478540683084
-0.62049866,0.16818237,10.13237,1478540685399,3,1478540683100
-0.6228943,0.17416382,10.144333,1478540685419,3,1478540683121
-0.63845825,0.20407104,10.121613,1478540685439,3,1478540683141
-0.633667,0.17176819,10.159897,1478540685459,3,1478540683160
-0.6217041,0.15740967,10.138351,1478540685479,3,1478540683183
-0.6372528,0.17416382,10.182617,1478540685499,3,1478540683200
-0.66596985,0.18133545,10.156311,1478540685519,3,1478540683220
-0.6372528,0.18014526,10.15271,1478540685539,3,1478540683240
-0.6025543,0.16339111,10.17305,1478540685559,3,1478540683262
-0.61213684,0.17893982,10.108444,1478540685579,3,1478540683280
-0.64204407,0.19689941,10.179031,1478540685598,3,1478540683300
-0.613327,0.17176819,10.13237,1478540685619,3,1478540683320
-0.63845825,0.17416382,10.164673,1478540685639,3,1478540683341
-0.62409973,0.19569397,10.145538,1478540685661,3,1478540683364
-0.6109314,0.18493652,10.128784,1478540685678,3,1478540683380
-0.6228943,0.17655945,10.145538,1478540685698,3,1478540683400
-0.6492157,0.18852234,10.126389,1478540685718,3,1478540683420
-0.6516113,0.17295837,10.157501,1478540685739,3,1478540683440
-0.63127136,0.17176819,10.128784,1478540685759,3,1478540683460
-0.60136414,0.17295837,10.134766,1478540685778,3,1478540683480
-0.6480255,0.21603394,10.153915,1478540685798,3,1478540683500
-0.6360626,0.19091797,10.120407,1478540685818,3,1478540683520
-0.6025543,0.18612671,10.180237,1478540685838,3,1478540683539
-0.62887573,0.17655945,10.11084,1478540685859,3,1478540683561
-0.65878296,0.1598053,10.179031,1478540685878,3,1478540683580
-0.64204407,0.1825409,10.127594,1478540685898,3,1478540683600
-0.60375977,0.16459656,10.168274,1478540685918,3,1478540683622
-0.6073456,0.19927979,10.180237,1478540685938,3,1478540683640
-0.613327,0.18971252,10.101273,1478540685958,3,1478540683660
-0.6300812,0.16459656,10.186218,1478540685978,3,1478540683680
-0.66477966,0.17655945,10.122803,1478540685998,3,1478540683700
-0.6480255,0.17893982,10.161087,1478540686018,3,1478540683720
-0.61572266,0.17893982,10.147934,1478540686038,3,1478540683740
-0.62049866,0.18014526,10.121613,1478540686058,3,1478540683760
-0.6408386,0.19091797,10.175446,1478540686078,3,1478540683780
-0.62768555,0.21484375,10.100067,1478540686098,3,1478540683800
-0.62768555,0.17176819,10.181427,1478540686118,3,1478540683820
-0.61691284,0.1490326,10.103668,1478540686138,3,1478540683840
-0.62409973,0.17416382,10.164673,1478540686161,3,1478540683866
-0.60494995,0.17655945,10.161087,1478540686178,3,1478540683881
-0.6372528,0.18133545,10.123993,1478540686198,3,1478540683900
-0.63964844,0.18612671,10.168274,1478540686218,3,1478540683920
-0.6348572,0.16459656,10.119217,1478540686239,3,1478540683941
-0.60494995,0.16697693,10.155106,1478540686259,3,1478540683970
-0.613327,0.175354,10.13237,1478540686280,3,1478540683984
-0.63127136,0.21005249,10.1419525,1478540686298,3,1478540684002
-0.6564026,0.19091797,10.147934,1478540686318,3,1478540684020
-0.6360626,0.17655945,10.12999,1478540686338,3,1478540684039
-0.6025543,0.15023804,10.157501,1478540686358,3,1478540684059
-0.6145172,0.18133545,10.114426,1478540686378,3,1478540684079
-0.6360626,0.1980896,10.147934,1478540686398,3,1478540684099
-0.6252899,0.18971252,10.17186,1478540686418,3,1478540684119
-0.6264801,0.170578,10.150314,1478540686439,3,1478540684141
-0.62049866,0.17416382,10.139557,1478540686458,3,1478540684160
-0.5953827,0.16937256,10.120407,1478540686478,3,1478540684179
-0.6097412,0.16099548,10.180237,1478540686499,3,1478540684200
-0.6372528,0.19689941,10.12999,1478540686518,3,1478540684219
-0.6193085,0.175354,10.13118,1478540686538,3,1478540684240
-0.63127136,0.17774963,10.1622925,1478540686558,3,1478540684259
-0.6372528,0.15621948,10.104858,1478540686578,3,1478540684280
-0.63964844,0.175354,10.157501,1478540686598,3,1478540684300
-0.6456299,0.17416382,10.10965,1478540686618,3,1478540684320
-0.5870056,0.15740967,10.15271,1478540686638,3,1478540684340
-0.60136414,0.175354,10.135971,1478540686658,3,1478540684360
-0.6073456,0.15621948,10.137161,1478540686678,3,1478540684380
-0.6181183,0.18014526,10.159897,1478540686698,3,1478540684400
-0.6444397,0.1598053,10.121613,1478540686718,3,1478540684419
-0.65519714,0.18612671,10.15271,1478540686739,3,1478540684442
-0.6181183,0.16578674,10.13118,1478540686758,3,1478540684461
-0.6348572,0.170578,10.145538,1478540686778,3,1478540684479
-0.62768555,0.18014526,10.1419525,1478540686799,3,1478540684501
-0.63964844,0.20765686,10.10965,1478540686818,3,1478540684520
-0.6193085,0.16578674,10.149124,1478540686839,3,1478540684544
-0.6599884,0.15861511,10.097687,1478540686858,3,1478540684561
-0.7018585,0.19091797,10.15152,1478540686879,3,1478540684581
-0.7018585,0.17655945,10.094086,1478540686898,3,1478540684600
-0.4996643,0.119125366,10.138351,1478540686918,3,1478540684620
-0.42190552,0.19569397,10.211334,1478540686938,3,1478540684639
-0.6217041,0.21842957,9.980438,1478540686957,3,1478540684659
-0.74134827,0.175354,10.115631,1478540686978,3,1478540684681
-0.61213684,0.17774963,10.170654,1478540686999,3,1478540684701
-0.47454834,0.16099548,10.169464,1478540687018,3,1478540684720
-0.5606842,0.1322937,10.153915,1478540687039,3,1478540684741
-0.5487213,0.1825409,10.176636,1478540687058,3,1478540684761
-0.633667,0.20526123,10.108444,1478540687078,3,1478540684779
-0.79039,0.18373108,10.120407,1478540687098,3,1478540684800
-0.75450134,0.16459656,10.143143,1478540687118,3,1478540684819
-0.6073456,0.15023804,10.145538,1478540687138,3,1478540684840
-0.52957153,0.15382385,10.1467285,1478540687158,3,1478540684859
-0.6228943,0.18133545,10.135971,1478540687178,3,1478540684879
-0.67674255,0.18971252,10.163483,1478540687198,3,1478540684900
-0.6791229,0.18852234,10.138351,1478540687218,3,1478540684920
-0.6300812,0.15382385,10.100067,1478540687239,3,1478540684941
-0.5606842,0.17893982,10.19339,1478540687258,3,1478540684960
-0.5140228,0.19569397,10.10965,1478540687279,3,1478540684981
-0.66238403,0.18014526,10.187408,1478540687298,3,1478540685000
-0.756897,0.17295837,10.097687,1478540687318,3,1478540685020
-0.68510437,0.19927979,10.153915,1478540687338,3,1478540685040
-0.61691284,0.170578,10.134766,1478540687358,3,1478540685060
-0.6264801,0.13348389,10.12999,1478540687378,3,1478540685080
-0.61572266,0.18014526,10.194595,1478540687398,3,1478540685101
-0.6528015,0.19091797,10.120407,1478540687418,3,1478540685120
-0.65519714,0.15142822,10.169464,1478540687439,3,1478540685145
-0.63246155,0.15501404,10.128784,1478540687457,3,1478540685159
-0.5582886,0.15382385,10.143143,1478540687478,3,1478540685179
-0.6001587,0.15023804,10.1670685,1478540687497,3,1478540685199
-0.6564026,0.20167542,10.104858,1478540687518,3,1478540685220
-0.66716003,0.2088623,10.179031,1478540687538,3,1478540685240
-0.57743835,0.18493652,10.127594,1478540687558,3,1478540685262
-0.5870056,0.18133545,10.143143,1478540687578,3,1478540685280
-0.6360626,0.15861511,10.12999,1478540687598,3,1478540685300
-0.6348572,0.2136383,10.140747,1478540687618,3,1478540685321
-0.682724,0.20646667,10.187408,1478540687638,3,1478540685341
-0.6683655,0.16697693,10.128784,1478540687658,3,1478540685360
-0.46258545,0.18852234,10.15152,1478540687677,3,1478540685379
-0.47813416,0.2136383,10.125198,1478540687698,3,1478540685400
-0.72698975,0.18493652,10.155106,1478540687717,3,1478540685418
-0.8131256,0.170578,10.123993,1478540687739,3,1478540685441
-0.64682007,0.21244812,10.127594,1478540687758,3,1478540685460
-0.4853058,0.16099548,10.1670685,1478540687777,3,1478540685479
-0.53915405,0.175354,10.106049,1478540687797,3,1478540685498
-0.6707611,0.23278809,10.17305,1478540687818,3,1478540685519
-0.7210083,0.21125793,10.155106,1478540687838,3,1478540685540
-0.66477966,0.16578674,10.1467285,1478540687858,3,1478540685560
-0.5606842,0.15023804,10.179031,1478540687878,3,1478540685580
-0.5116272,0.17774963,10.0905,1478540687898,3,1478540685600
-0.65519714,0.20765686,10.201767,1478540687918,3,1478540685620
-0.7210083,0.20288086,10.108444,1478540687938,3,1478540685641
-0.6528015,0.18014526,10.1622925,1478540687958,3,1478540685660
-0.5451355,0.16220093,10.157501,1478540687978,3,1478540685680
-0.5487213,0.13467407,10.149124,1478540687998,3,1478540685700
-0.6264801,0.1980896,10.17305,1478540688018,3,1478540685720
-0.6755371,0.2471466,10.108444,1478540688038,3,1478540685743
-0.6683655,0.18493652,10.181427,1478540688057,3,1478540685758
-0.5738373,0.15023804,10.088104,1478540688077,3,1478540685778
-0.5463257,0.17176819,10.149124,1478540688097,3,1478540685798
-0.6061554,0.21244812,10.144333,1478540688117,3,1478540685819
-0.68510437,0.19689941,10.150314,1478540688138,3,1478540685840
-0.6982727,0.17893982,10.156311,1478540688157,3,1478540685859
-0.6097412,0.16220093,10.125198,1478540688178,3,1478540685880
-0.52719116,0.19091797,10.175446,1478540688197,3,1478540685899
-0.58461,0.19927979,10.123993,1478540688217,3,1478540685919
-0.6946869,0.21244812,10.149124,1478540688238,3,1478540685943
-0.68032837,0.21484375,10.15152,1478540688259,3,1478540685961
-0.56307983,0.1478424,10.13118,1478540688277,3,1478540685979
-0.53196716,0.170578,10.163483,1478540688296,3,1478540685998
-0.61572266,0.21125793,10.11203,1478540688316,3,1478540686024
-0.6875,0.22920227,10.182617,1478540688336,3,1478540686038
-0.65519714,0.19569397,10.104858,1478540688357,3,1478540686060
-0.5762329,0.15621948,10.1419525,1478540688377,3,1478540686082
-0.54273987,0.170578,10.145538,1478540688397,3,1478540686099
-0.6073456,0.19329834,10.128784,1478540688417,3,1478540686119
-0.68870544,0.19569397,10.153915,1478540688437,3,1478540686140
-0.67793274,0.1980896,10.084518,1478540688457,3,1478540686160
-0.5726471,0.18612671,10.119217,1478540688477,3,1478540686182
-0.5618744,0.17176819,10.140747,1478540688497,3,1478540686201
-0.6360626,0.18133545,10.137161,1478540688517,3,1478540686221
-0.6707611,0.21005249,10.145538,1478540688538,3,1478540686240
-0.6444397,0.21842957,10.143143,1478540688557,3,1478540686260
-0.57743835,0.16578674,10.1419525,1478540688578,3,1478540686286
-0.5834198,0.18373108,10.140747,1478540688598,3,1478540686310
-0.60494995,0.20407104,10.127594,1478540688617,3,1478540686319
-0.66955566,0.18014526,10.153915,1478540688636,3,1478540686340
-0.66477966,0.18971252,10.134766,1478540688657,3,1478540686358
-0.60494995,0.1873169,10.157501,1478540688677,3,1478540686379
-0.5690613,0.20526123,10.133575,1478540688697,3,1478540686399
-0.60375977,0.175354,10.164673,1478540688717,3,1478540686419
-0.65042114,0.18133545,10.120407,1478540688737,3,1478540686442
-0.6516113,0.18373108,10.135971,1478540688758,3,1478540686460
-0.613327,0.18014526,10.175446,1478540688782,3,1478540686484
-0.59417725,0.18373108,10.134766,1478540688800,3,1478540686503
-0.6193085,0.18373108,10.164673,1478540688817,3,1478540686519
-0.6480255,0.20048523,10.1419525,1478540688837,3,1478540686540
-0.66238403,0.17176819,10.15271,1478540688858,3,1478540686562
-0.613327,0.18014526,10.12999,1478540688878,3,1478540686580
-0.5917969,0.19091797,10.127594,1478540688896,3,1478540686598
-0.5977783,0.18133545,10.1467285,1478540688916,3,1478540686618
-0.6683655,0.16937256,10.115631,1478540688936,3,1478540686638
-0.62768555,0.1825409,10.15271,1478540688956,3,1478540686658
-0.6193085,0.20407104,10.139557,1478540688977,3,1478540686678
-0.59059143,0.17176819,10.163483,1478540688997,3,1478540686699
-0.6181183,0.17416382,10.155106,1478540689017,3,1478540686719
-0.6599884,0.20288086,10.12999,1478540689037,3,1478540686739
-0.65878296,0.17893982,10.143143,1478540689057,3,1478540686759
-0.6097412,0.18133545,10.123993,1478540689077,3,1478540686779
-0.5965729,0.17416382,10.182617,1478540689097,3,1478540686799
-0.6252899,0.1980896,10.145538,1478540689117,3,1478540686819
-0.6516113,0.1825409,10.156311,1478540689138,3,1478540686841
-0.6145172,0.19569397,10.135971,1478540689157,3,1478540686859
-0.60136414,0.18493652,10.118011,1478540689176,3,1478540686878
-0.5965729,0.16459656,10.175446,1478540689196,3,1478540686900
-0.6193085,0.16818237,10.121613,1478540689216,3,1478540686917
-0.6408386,0.18373108,10.164673,1478540689237,3,1478540686939
-0.62887573,0.20288086,10.122803,1478540689258,3,1478540686960
-0.5977783,0.16697693,10.143143,1478540689277,3,1478540686981
-0.6181183,0.17655945,10.186218,1478540689296,3,1478540687001
-0.6528015,0.18373108,10.096481,1478540689316,3,1478540687017
-0.6480255,0.17655945,10.183823,1478540689336,3,1478540687039
-0.6073456,0.17655945,10.115631,1478540689357,3,1478540687059
-0.6073456,0.18852234,10.164673,1478540689376,3,1478540687078
-0.64204407,0.20765686,10.137161,1478540689396,3,1478540687104
-0.6300812,0.16818237,10.135971,1478540689417,3,1478540687119
-0.5977783,0.17893982,10.168274,1478540689437,3,1478540687142
-0.61691284,0.175354,10.149124,1478540689456,3,1478540687158
-0.62768555,0.1873169,10.150314,1478540689477,3,1478540687179
-0.6228943,0.17416382,10.118011,1478540689496,3,1478540687198
-0.6228943,0.1980896,10.170654,1478540689516,3,1478540687218
-0.6492157,0.21005249,10.13237,1478540689536,3,1478540687238
-0.62409973,0.20407104,10.119217,1478540689556,3,1478540687258
-0.5977783,0.18852234,10.175446,1478540689576,3,1478540687279
-0.6300812,0.18373108,10.114426,1478540689597,3,1478540687299
-0.64682007,0.19689941,10.17186,1478540689617,3,1478540687319
-0.6181183,0.1873169,10.138351,1478540689637,3,1478540687339
-0.60853577,0.17893982,10.188614,1478540689657,3,1478540687358
-0.6528015,0.20526123,10.10965,1478540689676,3,1478540687379
-0.65519714,0.18612671,10.155106,1478540689697,3,1478540687399
-0.6193085,0.175354,10.134766,1478540689717,3,1478540687421
-0.5977783,0.16578674,10.1467285,1478540689737,3,1478540687439
-0.6264801,0.17416382,10.1622925,1478540689756,3,1478540687458
-0.63845825,0.1980896,10.121613,1478540689776,3,1478540687479
-0.63246155,0.17893982,10.15271,1478540689796,3,1478540687497
-0.6264801,0.19091797,10.12999,1478540689816,3,1478540687517
-0.6300812,0.19450378,10.103668,1478540689836,3,1478540687537
-0.5917969,0.17295837,10.180237,1478540689856,3,1478540687557
-0.5989685,0.18971252,10.122803,1478540689876,3,1478540687578
-0.6193085,0.1873169,10.158691,1478540689896,3,1478540687598
-0.62887573,0.17893982,10.164673,1478540689916,3,1478540687618
-0.60375977,0.170578,10.126389,1478540689937,3,1478540687639
-0.6348572,0.17774963,10.169464,1478540689956,3,1478540687658
-0.66716003,0.2088623,10.060593,1478540689976,3,1478540687678
-0.6109314,0.19329834,10.158691,1478540689996,3,1478540687698
-0.58940125,0.19091797,10.097687,1478540690017,3,1478540687720
-0.6001587,0.18133545,10.164673,1478540690036,3,1478540687738
-0.6719513,0.17416382,10.108444,1478540690056,3,1478540687758
-0.67674255,0.13467407,10.177841,1478540690076,3,1478540687778
-0.6228943,0.19569397,10.149124,1478540690097,3,1478540687799
-0.58461,0.21603394,10.13118,1478540690116,3,1478540687820
-0.559494,0.20407104,10.1670685,1478540690136,3,1478540687838
-0.5917969,0.19450378,10.114426,1478540690156,3,1478540687858
-0.6217041,0.18014526,10.17186,1478540690176,3,1478540687878
-0.66955566,0.15382385,10.1467285,1478540690196,3,1478540687898
-0.62768555,0.15142822,10.1467285,1478540690216,3,1478540687918
-0.5415344,0.24594116,10.164673,1478540690236,3,1478540687941
-0.59298706,0.24235535,10.0905,1478540690257,3,1478540687961
-0.6910858,0.15023804,10.058197,1478540690276,3,1478540687978
-0.66477966,0.11433411,10.021103,1478540690296,3,1478540687999
-0.5881958,0.19689941,10.115631,1478540690317,3,1478540688025
-0.56307983,0.22920227,10.145538,1478540690336,3,1478540688038
-0.6372528,0.19927979,10.101273,1478540690356,3,1478540688058
-0.6599884,0.15861511,10.185013,1478540690376,3,1478540688078
-0.6300812,0.17295837,10.071365,1478540690396,3,1478540688098
-0.6456299,0.15740967,10.17305,1478540690416,3,1478540688118
-0.6073456,0.175354,10.143143,1478540690437,3,1478540688139
-0.5881958,0.22201538,10.15271,1478540690456,3,1478540688158
-0.61572266,0.22920227,10.165878,1478540690476,3,1478540688178
-0.6731415,0.12631226,10.128784,1478540690496,3,1478540688201
-0.6456299,0.10597229,10.140747,1478540690516,3,1478540688218
-0.5989685,0.20167542,10.101273,1478540690536,3,1478540688238
-0.56427,0.25431824,10.1957855,1478540690556,3,1478540688258
-0.6025543,0.21603394,10.128784,1478540690576,3,1478540688285
-0.6372528,0.16339111,10.150314,1478540690597,3,1478540688306
-0.65042114,0.1322937,10.145538,1478540690616,3,1478540688322
-0.64682007,0.14186096,10.134766,1478540690636,3,1478540688339
-0.61691284,0.19329834,10.185013,1478540690656,3,1478540688357
-0.55470276,0.27586365,10.119217,1478540690675,3,1478540688377
-0.59059143,0.25790405,10.118011,1478540690695,3,1478540688397
-0.67793274,0.12510681,10.163483,1478540690716,3,1478540688418
-0.6599884,0.0605011,10.190994,1478540690736,3,1478540688438
-0.60853577,0.22322083,10.207748,1478540690756,3,1478540688467
-0.59059143,0.25671387,10.155106,1478540690777,3,1478540688479
-0.6228943,0.2208252,10.164673,1478540690796,3,1478540688498
-0.6480255,0.15740967,10.153915,1478540690816,3,1478540688518
-0.60494995,0.16578674,10.139557,1478540690839,3,1478540688542
-0.62768555,0.15263367,10.17186,1478540690857,3,1478540688564
-0.65042114,0.18373108,10.176636,1478540690877,3,1478540688585
-0.62887573,0.23995972,10.174255,1478540690901,3,1478540688603
-0.5618744,0.2471466,10.140747,1478540690916,3,1478540688619
-0.64204407,0.12989807,10.174255,1478540690936,3,1478540688640
-0.6839142,0.11314392,10.150314,1478540690955,3,1478540688657
-0.6528015,0.20646667,10.115631,1478540690975,3,1478540688677
-0.56427,0.23876953,10.1670685,1478540690996,3,1478540688697
-0.5834198,0.17416382,10.119217,1478540691015,3,1478540688717
-0.65878296,0.14663696,10.15152,1478540691036,3,1478540688737
-0.66955566,0.19689941,10.1419525,1478540691056,3,1478540688758
-0.6025543,0.18852234,10.13118,1478540691076,3,1478540688778
-0.59059143,0.1825409,10.150314,1478540691097,3,1478540688799
-0.62887573,0.21603394,10.113235,1478540691116,3,1478540688818
-0.6480255,0.19569397,10.17186,1478540691136,3,1478540688838
-0.6408386,0.16220093,10.10965,1478540691156,3,1478540688857
-0.6109314,0.16339111,10.165878,1478540691175,3,1478540688877
-0.5989685,0.21961975,10.106049,1478540691196,3,1478540688898
-0.6408386,0.18971252,10.164673,1478540691215,3,1478540688917
-0.6408386,0.15621948,10.147934,1478540691236,3,1478540688937
-0.61691284,0.16339111,10.158691,1478540691255,3,1478540688957
-0.61572266,0.20765686,10.135971,1478540691277,3,1478540688979
-0.62768555,0.17176819,10.155106,1478540691296,3,1478540688997
-0.6599884,0.16937256,10.158691,1478540691315,3,1478540689017
-0.63127136,0.21603394,10.127594,1478540691336,3,1478540689038
-0.58461,0.21484375,10.133575,1478540691356,3,1478540689058
-0.58102417,0.059310913,10.3680725,1478540691376,3,1478540689078
-0.78201294,0.18852234,10.671951,1478540691396,3,1478540689098
-0.60375977,0.011444092,7.982422,1478540691417,3,1478540689125
-0.59298706,0.053329468,11.462784,1478540691436,3,1478540689138
-0.85739136,0.17416382,7.9656677,1478540691457,3,1478540689159
-0.66238403,0.15740967,9.901474,1478540691475,3,1478540689177
-0.48770142,0.22322083,10.257996,1478540691495,3,1478540689197
-0.7509155,0.1370697,9.799774,1478540691519,3,1478540689221
-0.75450134,0.13587952,9.809341,1478540691537,3,1478540689239
-0.66955566,0.19927979,10.161087,1478540691556,3,1478540689258
-0.60853577,0.15023804,10.187408,1478540691576,3,1478540689279
-0.6097412,0.18493652,10.059387,1478540691596,3,1478540689298
-0.6599884,0.26628113,10.059387,1478540691616,3,1478540689318
-0.64682007,0.23278809,10.134766,1478540691636,3,1478540689338
-0.6193085,0.16697693,10.144333,1478540691656,3,1478540689358
-0.6492157,0.13108826,10.133575,1478540691676,3,1478540689378
-0.6300812,0.17295837,10.201767,1478540691696,3,1478540689398
-0.59417725,0.23039246,10.1622925,1478540691716,3,1478540689418
-0.6001587,0.1980896,10.12999,1478540691736,3,1478540689439
-0.65400696,0.21125793,10.126389,1478540691770,3,1478540689475
-0.63845825,0.20167542,10.053406,1478540691777,3,1478540689480
-0.6025543,0.123916626,10.17186,1478540691795,3,1478540689497
-0.57862854,0.19329834,10.097687,1478540691815,3,1478540689517
-0.61213684,0.23756409,10.147934,1478540691835,3,1478540689537
-0.6743469,0.23397827,10.13237,1478540691859,3,1478540689562
-0.6743469,0.13587952,10.177841,1478540691875,3,1478540689577
-0.57743835,0.13946533,10.155106,1478540691895,3,1478540689596
-0.5451355,0.20526123,10.114426,1478540691915,3,1478540689616
-0.63127136,0.21484375,10.204163,1478540691936,3,1478540689638
-0.70783997,0.17893982,10.11203,1478540691956,3,1478540689658
-0.64323425,0.16697693,10.161087,1478540691976,3,1478540689678
-0.5463257,0.19569397,10.122803,1478540691996,3,1478540689699
-0.6025543,0.15263367,10.169464,1478540692017,3,1478540689719
-0.7138214,0.18612671,10.164673,1478540692035,3,1478540689737
-0.68870544,0.18493652,10.123993,1478540692056,3,1478540689757
-0.58461,0.21723938,10.139557,1478540692075,3,1478540689777
-0.5750427,0.16697693,10.135971,1478540692096,3,1478540689798
-0.6444397,0.1478424,10.135971,1478540692115,3,1478540689817
-0.66477966,0.21005249,10.15152,1478540692135,3,1478540689837
-0.6145172,0.20765686,10.165878,1478540692155,3,1478540689857
-0.60853577,0.18852234,10.174255,1478540692175,3,1478540689877
-0.61572266,0.18493652,10.122803,1478540692195,3,1478540689897
-0.63127136,0.18493652,10.158691,1478540692215,3,1478540689924
-0.6252899,0.16937256,10.17305,1478540692236,3,1478540689938
-0.6228943,0.175354,10.13118,1478540692258,3,1478540689961
-0.6300812,0.21244812,10.199371,1478540692275,3,1478540689981
-0.633667,0.19091797,10.127594,1478540692295,3,1478540689997
-0.60853577,0.16339111,10.170654,1478540692315,3,1478540690017
-0.6348572,0.19569397,10.098877,1478540692335,3,1478540690037
-0.6073456,0.20167542,10.179031,1478540692356,3,1478540690059
-0.63964844,0.19569397,10.138351,1478540692375,3,1478540690077
-0.6348572,0.17893982,10.153915,1478540692395,3,1478540690097
-0.58940125,0.19450378,10.163483,1478540692415,3,1478540690118
-0.579834,0.18373108,10.118011,1478540692435,3,1478540690137
-0.63964844,0.18971252,10.170654,1478540692455,3,1478540690157
-0.6791229,0.17295837,10.134766,1478540692475,3,1478540690177
-0.61691284,0.20167542,10.145538,1478540692495,3,1478540690197
-0.56307983,0.19329834,10.13118,1478540692515,3,1478540690222
-0.6264801,0.18133545,10.10965,1478540692536,3,1478540690240
-0.6875,0.17295837,10.13118,1478540692556,3,1478540690261
-0.62887573,0.19569397,10.128784,1478540692575,3,1478540690280
-0.58221436,0.18373108,10.1670685,1478540692595,3,1478540690297
-0.60136414,0.18014526,10.139557,1478540692616,3,1478540690318
-0.6575928,0.17655945,10.133575,1478540692635,3,1478540690337
-0.6360626,0.18612671,10.17186,1478540692654,3,1478540690356
-0.6097412,0.17774963,10.115631,1478540692674,3,1478540690376
-0.6193085,0.18852234,10.1622925,1478540692694,3,1478540690396
-0.6360626,0.21125793,10.133575,1478540692715,3,1478540690418
-0.6073456,0.19689941,10.147934,1478540692735,3,1478540690437
-0.6348572,0.18852234,10.120407,1478540692755,3,1478540690458
-0.6217041,0.18133545,10.145538,1478540692775,3,1478540690477
-0.6300812,0.18373108,10.177841,1478540692795,3,1478540690497
-0.62409973,0.1873169,10.140747,1478540692815,3,1478540690517
-0.60375977,0.18612671,10.149124,1478540692835,3,1478540690537
-0.6145172,0.19091797,10.083328,1478540692855,3,1478540690558
-0.6097412,0.18373108,10.174255,1478540692875,3,1478540690577
-0.61572266,0.19210815,10.147934,1478540692895,3,1478540690598
-0.6264801,0.17176819,10.13237,1478540692915,3,1478540690623
-0.5989685,0.1825409,10.153915,1478540692945,3,1478540690651
-0.6061554,0.17774963,10.11084,1478540692955,3,1478540690667
-0.62887573,0.16937256,10.156311,1478540692977,3,1478540690681
-0.65042114,0.18493652,10.121613,1478540693000,3,1478540690703
-0.60494995,0.18373108,10.140747,1478540693015,3,1478540690719
-0.5881958,0.175354,10.138351,1478540693036,3,1478540690738
-0.65042114,0.18971252,10.10965,1478540693054,3,1478540690757
-0.6635742,0.17774963,10.161087,1478540693074,3,1478540690776
-0.6264801,0.175354,10.13237,1478540693094,3,1478540690796
-0.58940125,0.18133545,10.15152,1478540693114,3,1478540690816
-0.6348572,0.19329834,10.115631,1478540693134,3,1478540690842
-0.6635742,0.16220093,10.137161,1478540693154,3,1478540690857
-0.64204407,0.20048523,10.187408,1478540693175,3,1478540690876
-0.58102417,0.18133545,10.119217,1478540693194,3,1478540690896
-0.5989685,0.17416382,10.179031,1478540693214,3,1478540690916
-0.6264801,0.17774963,10.116821,1478540693234,3,1478540690936
-0.62887573,0.17295837,10.183823,1478540693255,3,1478540690963
-0.6408386,0.19329834,10.104858,1478540693278,3,1478540690985
-0.5881958,0.1873169,10.137161,1478540693294,3,1478540690998
-0.6109314,0.19450378,10.150314,1478540693314,3,1478540691017
-0.6228943,0.18373108,10.120407,1478540693334,3,1478540691036
-0.63246155,0.20646667,10.177841,1478540693354,3,1478540691057
-0.6348572,0.175354,10.13237,1478540693374,3,1478540691077
-0.61572266,0.175354,10.164673,1478540693394,3,1478540691100
-0.6252899,0.1980896,10.13237,1478540693414,3,1478540691117
-0.613327,0.1873169,10.128784,1478540693434,3,1478540691137
-0.62887573,0.17295837,10.189804,1478540693454,3,1478540691157
-0.6181183,0.18014526,10.084518,1478540693474,3,1478540691177
-0.64682007,0.19091797,10.204163,1478540693494,3,1478540691196
-0.61213684,0.16818237,10.101273,1478540693514,3,1478540691217
-0.61213684,0.16697693,10.149124,1478540693535,3,1478540691237
-0.6360626,0.21244812,10.15271,1478540693555,3,1478540691260
-0.6109314,0.1980896,10.103668,1478540693574,3,1478540691277
-0.633667,0.16697693,10.177841,1478540693594,3,1478540691297
-0.63127136,0.18493652,10.120407,1478540693614,3,1478540691316
-0.6061554,0.20765686,10.175446,1478540693634,3,1478540691336
-0.6408386,0.19569397,10.119217,1478540693654,3,1478540691356
-0.6492157,0.18493652,10.158691,1478540693674,3,1478540691376
-0.61691284,0.19210815,10.157501,1478540693694,3,1478540691396
-0.62049866,0.19210815,10.12999,1478540693714,3,1478540691417
-0.62409973,0.16697693,10.1922,1478540693735,3,1478540691439
-0.62887573,0.18852234,10.096481,1478540693754,3,1478540691460
-0.65400696,0.16818237,10.180237,1478540693774,3,1478540691477
-0.6228943,0.19450378,10.121613,1478540693793,3,1478540691495
-0.6181183,0.19927979,10.15271,1478540693814,3,1478540691516
-0.62768555,0.18852234,10.143143,1478540693834,3,1478540691536
-0.6456299,0.20048523,10.13118,1478540693854,3,1478540691556
-0.6264801,0.18493652,10.169464,1478540693874,3,1478540691576
-0.6145172,0.18493652,10.138351,1478540693894,3,1478540691596
-0.6061554,0.17295837,10.147934,1478540693914,3,1478540691616
-0.63127136,0.20048523,10.126389,1478540693934,3,1478540691636
-0.60375977,0.170578,10.120407,1478540693953,3,1478540691656
-0.63127136,0.18373108,10.15271,1478540693974,3,1478540691676
-0.63246155,0.17774963,10.107254,1478540693993,3,1478540691696
-0.61572266,0.16459656,10.181427,1478540694015,3,1478540691720
-0.6061554,0.1980896,10.145538,1478540694034,3,1478540691737
-0.63127136,0.18971252,10.135971,1478540694053,3,1478540691756
-0.62887573,0.19569397,10.143143,1478540694073,3,1478540691775
-0.6408386,0.19091797,10.101273,1478540694094,3,1478540691796
-0.6252899,0.17176819,10.194595,1478540694114,3,1478540691818
-0.60136414,0.18133545,10.086914,1478540694138,3,1478540691843
-0.6145172,0.19329834,10.1670685,1478540694154,3,1478540691855
-0.633667,0.1873169,10.149124,1478540694174,3,1478540691876
-0.64682007,0.17176819,10.133575,1478540694193,3,1478540691895
-0.6348572,0.17774963,10.153915,1478540694213,3,1478540691917
-0.60494995,0.18014526,10.114426,1478540694234,3,1478540691935
-0.6025543,0.19329834,10.175446,1478540694253,3,1478540691955
-0.62409973,0.19450378,10.114426,1478540694274,3,1478540691983
-0.65519714,0.20167542,10.159897,1478540694294,3,1478540691996
-0.6217041,0.18852234,10.164673,1478540694314,3,1478540692015
-0.61213684,0.17416382,10.102463,1478540694333,3,1478540692035
-0.6264801,0.20288086,10.183823,1478540694354,3,1478540692057
-0.6264801,0.18852234,10.11203,1478540694373,3,1478540692075
-0.6181183,0.19450378,10.170654,1478540694394,3,1478540692096
-0.6408386,0.18014526,10.137161,1478540694414,3,1478540692116
-0.6181183,0.17176819,10.165878,1478540694433,3,1478540692135
-0.6061554,0.16099548,10.161087,1478540694453,3,1478540692156
-0.62887573,0.18612671,10.153915,1478540694473,3,1478540692175
-0.6528015,0.22441101,10.176636,1478540694493,3,1478540692195
-0.62409973,0.21244812,10.13237,1478540694513,3,1478540692215
-0.5977783,0.18373108,10.1622925,1478540694533,3,1478540692235
-0.60853577,0.18014526,10.133575,1478540694553,3,1478540692255
-0.6492157,0.1873169,10.140747,1478540694573,3,1478540692275
-0.6348572,0.19569397,10.1670685,1478540694593,3,1478540692297
-0.6228943,0.18133545,10.0905,1478540694613,3,1478540692315
-0.62409973,0.19689941,10.185013,1478540694633,3,1478540692335
-0.61213684,0.17893982,10.101273,1478540694653,3,1478540692355
-0.61213684,0.17774963,10.164673,1478540694673,3,1478540692375
-0.63964844,0.1825409,10.108444,1478540694693,3,1478540692395
-0.62887573,0.17176819,10.107254,1478540694713,3,1478540692416
-0.6145172,0.17655945,10.19339,1478540694733,3,1478540692435
-0.6001587,0.16339111,10.107254,1478540694754,3,1478540692455
-0.6181183,0.16937256,10.176636,1478540694773,3,1478540692475
-0.6444397,0.20765686,10.15152,1478540694793,3,1478540692494
-0.6444397,0.19450378,10.155106,1478540694813,3,1478540692515
-0.6408386,0.20288086,10.122803,1478540694834,3,1478540692536
-0.63845825,0.175354,10.133575,1478540694853,3,1478540692556
-0.60494995,0.18852234,10.177841,1478540694873,3,1478540692575
-0.63127136,0.16937256,10.107254,1478540694893,3,1478540692595
-0.63246155,0.16818237,10.190994,1478540694913,3,1478540692614
-0.6516113,0.20167542,10.10965,1478540694933,3,1478540692654
-0.60136414,0.19689941,10.169464,1478540694953,3,1478540692659
-0.613327,0.16818237,10.147934,1478540694973,3,1478540692678
-0.6372528,0.17774963,10.119217,1478540694993,3,1478540692695
-0.62049866,0.18612671,10.169464,1478540695013,3,1478540692715
-0.6097412,0.16339111,10.107254,1478540695034,3,1478540692737
-0.6001587,0.18971252,10.157501,1478540695053,3,1478540692754
-0.6228943,0.19450378,10.103668,1478540695073,3,1478540692775
-0.63845825,0.18852234,10.128784,1478540695093,3,1478540692798
-0.6372528,0.20288086,10.181427,1478540695114,3,1478540692816
-0.61572266,0.19689941,10.104858,1478540695132,3,1478540692834
-0.6097412,0.19450378,10.170654,1478540695152,3,1478540692854
-0.63246155,0.17655945,10.1467285,1478540695173,3,1478540692875
-0.65042114,0.17295837,10.170654,1478540695193,3,1478540692895
-0.6217041,0.19450378,10.147934,1478540695213,3,1478540692915
-0.6300812,0.19450378,10.115631,1478540695233,3,1478540692935
-0.63845825,0.175354,10.1922,1478540695255,3,1478540692968
-0.61213684,0.18612671,10.094086,1478540695273,3,1478540692975
-0.62049866,0.18971252,10.21373,1478540695293,3,1478540692995
-0.64323425,0.20048523,10.143143,1478540695313,3,1478540693015
-0.64204407,0.175354,10.150314,1478540695333,3,1478540693035
-0.6264801,0.20526123,10.145538,1478540695353,3,1478540693055
-0.63964844,0.19091797,10.127594,1478540695372,3,1478540693074
-0.6252899,0.16818237,10.157501,1478540695393,3,1478540693096
-0.65878296,0.15023804,10.13118,1478540695425,3,1478540693128
-0.6444397,0.16339111,10.153915,1478540695433,3,1478540693134
-0.6025543,0.2256012,10.1419525,1478540695453,3,1478540693154
-0.61572266,0.19927979,10.123993,1478540695472,3,1478540693174
-0.63127136,0.20288086,10.145538,1478540695493,3,1478540693196
-0.6516113,0.1825409,10.121613,1478540695512,3,1478540693214
-0.6097412,0.15382385,10.19339,1478540695534,3,1478540693238
-0.61691284,0.1598053,10.137161,1478540695552,3,1478540693256
-0.613327,0.20048523,10.147934,1478540695572,3,1478540693274
-0.62409973,0.21484375,10.13237,1478540695592,3,1478540693294
-0.60136414,0.18373108,10.094086,1478540695612,3,1478540693314
-0.6300812,0.1598053,10.108444,1478540695633,3,1478540693334
-0.6528015,0.17893982,10.150314,1478540695653,3,1478540693355
-0.6300812,0.21244812,10.165878,1478540695673,3,1478540693375
-0.6252899,0.19927979,10.118011,1478540695693,3,1478540693395
-0.6145172,0.22201538,10.1419525,1478540695713,3,1478540693415
-0.6444397,0.16339111,10.149124,1478540695733,3,1478540693435
-0.6217041,0.13946533,10.222107,1478540695761,3,1478540693468
-0.6217041,0.16099548,10.1957855,1478540695779,3,1478540693482
-0.60136414,0.20167542,10.121613,1478540695793,3,1478540693495
-0.61572266,0.21961975,10.210144,1478540695813,3,1478540693515
-0.65042114,0.18373108,10.102463,1478540695833,3,1478540693535
-0.63845825,0.15382385,10.161087,1478540695854,3,1478540693556
-0.6073456,0.18133545,10.1622925,1478540695873,3,1478540693575
-0.60494995,0.20646667,10.13237,1478540695893,3,1478540693595
-0.62887573,0.21005249,10.179031,1478540695913,3,1478540693616
-0.65400696,0.20765686,10.09169,1478540695932,3,1478540693634
-0.60853577,0.16099548,10.175446,1478540695952,3,1478540693654
-0.61572266,0.14425659,10.121613,1478540695972,3,1478540693675
-0.62768555,0.17655945,10.153915,1478540695992,3,1478540693694
-0.66238403,0.21961975,10.17305,1478540696012,3,1478540693715
-0.6480255,0.17655945,10.116821,1478540696033,3,1478540693735
-0.613327,0.16578674,10.204163,1478540696052,3,1478540693754
-0.6193085,0.1980896,10.086914,1478540696072,3,1478540693774
-0.6217041,0.18971252,10.211334,1478540696092,3,1478540693797
-0.62409973,0.23876953,10.133575,1478540696112,3,1478540693814
-0.64323425,0.21005249,10.1467285,1478540696132,3,1478540693834
-0.63127136,0.16937256,10.157501,1478540696152,3,1478540693854
-0.6348572,0.13348389,10.15271,1478540696172,3,1478540693874
-0.6109314,0.15621948,10.1419525,1478540696192,3,1478540693894
-0.6456299,0.23518372,10.125198,1478540696212,3,1478540693914
-0.64204407,0.25073242,10.13237,1478540696235,3,1478540693939
-0.613327,0.18971252,10.150314,1478540696254,3,1478540693958
-0.6061554,0.14305115,10.122803,1478540696273,3,1478540693975
-0.63845825,0.15501404,10.168274,1478540696293,3,1478540693996
-0.6480255,0.1825409,10.128784,1478540696313,3,1478540694016
-0.6348572,0.23397827,10.149124,1478540696333,3,1478540694035
-0.61691284,0.24116516,10.121613,1478540696353,3,1478540694054
-0.6001587,0.16339111,10.126389,1478540696373,3,1478540694075
-0.6228943,0.15023804,10.161087,1478540696393,3,1478540694095
-0.6372528,0.18373108,10.108444,1478540696412,3,1478540694115
-0.6360626,0.23995972,10.15152,1478540696432,3,1478540694134
-0.65519714,0.16220093,10.103668,1478540696452,3,1478540694155
-0.6181183,0.13587952,10.13237,1478540696472,3,1478540694174
-0.6025543,0.18971252,10.11084,1478540696493,3,1478540694196
-0.62409973,0.2136383,10.1670685,1478540696513,3,1478540694215
-0.64323425,0.20526123,10.180237,1478540696532,3,1478540694236
-0.6372528,0.17295837,10.120407,1478540696552,3,1478540694255
-0.6145172,0.16459656,10.1670685,1478540696571,3,1478540694273
-0.61213684,0.16220093,10.097687,1478540696592,3,1478540694293
-0.62409973,0.16697693,10.19339,1478540696611,3,1478540694313
-0.63964844,0.23397827,10.128784,1478540696631,3,1478540694333
-0.6025543,0.20765686,10.108444,1478540696652,3,1478540694355
-0.59417725,0.1370697,10.188614,1478540696672,3,1478540694375
-0.61572266,0.14186096,10.11203,1478540696692,3,1478540694394
-0.63964844,0.1980896,10.168274,1478540696713,3,1478540694416
-0.6348572,0.21842957,10.125198,1478540696732,3,1478540694434
-0.60375977,0.21005249,10.1670685,1478540696752,3,1478540694456
-0.5618744,0.18971252,10.157501,1478540696773,3,1478540694476
-0.64682007,0.15382385,10.108444,1478540696792,3,1478540694494
-0.66955566,0.14544678,10.156311,1478540696812,3,1478540694514
-0.63845825,0.170578,10.085709,1478540696832,3,1478540694534
-0.5870056,0.19569397,10.200577,1478540696852,3,1478540694554
-0.59059143,0.2471466,10.137161,1478540696872,3,1478540694575
-0.6863098,0.18971252,10.030685,1478540696892,3,1478540694594
-0.7473297,0.099990845,10.218521,1478540696912,3,1478540694614
-0.5235901,0.17655945,10.019913,1478540696932,3,1478540694633
-0.48171997,0.2256012,10.156311,1478540696951,3,1478540694653
-0.66596985,0.23039246,10.200577,1478540696972,3,1478540694674
-0.74253845,0.25431824,10.101273,1478540696992,3,1478540694694
-0.61213684,0.18612671,10.229279,1478540697012,3,1478540694714
-0.535553,0.097595215,10.037857,1478540697032,3,1478540694735
-0.5726471,0.13108826,10.267563,1478540697052,3,1478540694759
-0.6564026,0.2638855,10.047424,1478540697071,3,1478540694773
-0.65878296,0.28782654,10.240051,1478540697091,3,1478540694793
-0.6061554,0.20646667,10.072556,1478540697111,3,1478540694814
-0.62049866,0.111953735,10.200577,1478540697131,3,1478540694833
-0.66477966,0.12031555,10.11084,1478540697151,3,1478540694854
-0.682724,0.15382385,10.158691,1478540697171,3,1478540694873
-0.5965729,0.21961975,10.161087,1478540697191,3,1478540694893
-0.60853577,0.2256012,10.101273,1478540697211,3,1478540694912
-0.6564026,0.17774963,10.153915,1478540697231,3,1478540694932
-0.6264801,0.11553955,10.143143,1478540697251,3,1478540694953
-0.5870056,0.16578674,10.144333,1478540697271,3,1478540694973
-0.5953827,0.23397827,10.165878,1478540697291,3,1478540694993
-0.66238403,0.24594116,10.0905,1478540697311,3,1478540695013
-0.6743469,0.175354,10.196976,1478540697331,3,1478540695033
-0.62409973,0.15861511,10.123993,1478540697351,3,1478540695053
-0.5762329,0.16937256,10.157501,1478540697371,3,1478540695073
-0.61572266,0.18493652,10.15271,1478540697391,3,1478540695093
-0.6755371,0.18612671,10.135971,1478540697411,3,1478540695113
-0.65878296,0.2208252,10.149124,1478540697431,3,1478540695133
-0.57743835,0.20407104,10.100067,1478540697451,3,1478540695153
-0.58461,0.15740967,10.1957855,1478540697471,3,1478540695173
-0.64323425,0.170578,10.086914,1478540697490,3,1478540695195
-0.6982727,0.21005249,10.174255,1478540697511,3,1478540695213
-0.6217041,0.2208252,10.147934,1478540697531,3,1478540695236
-0.56547546,0.17416382,10.127594,1478540697551,3,1478540695253
-0.61572266,0.17655945,10.174255,1478540697570,3,1478540695273
-0.68032837,0.17893982,10.086914,1478540697591,3,1478540695296
-0.68989563,0.20288086,10.186218,1478540697611,3,1478540695313
-0.5834198,0.20167542,10.100067,1478540697631,3,1478540695334
-0.58102417,0.19329834,10.145538,1478540697650,3,1478540695353
-0.6228943,0.175354,10.147934,1478540697673,3,1478540695376
-0.67674255,0.17176819,10.11084,1478540697691,3,1478540695394
-0.62049866,0.17176819,10.187408,1478540697711,3,1478540695413
-0.59059143,0.18852234,10.096481,1478540697734,3,1478540695436
-0.63127136,0.17655945,10.208939,1478540697751,3,1478540695453
-0.65519714,0.17176819,10.088104,1478540697770,3,1478540695472
-0.6372528,0.19329834,10.159897,1478540697790,3,1478540695492
-0.6264801,0.20288086,10.116821,1478540697810,3,1478540695512
-0.6109314,0.17416382,10.15152,1478540697830,3,1478540695533
-0.62768555,0.21125793,10.145538,1478540697851,3,1478540695554
-0.6145172,0.19210815,10.13237,1478540697871,3,1478540695574
-0.6109314,0.20167542,10.175446,1478540697891,3,1478540695594
-0.6264801,0.18493652,10.125198,1478540697911,3,1478540695613
-0.6300812,0.19450378,10.127594,1478540697931,3,1478540695635
-0.6348572,0.20765686,10.17305,1478540697951,3,1478540695653
-0.60853577,0.17893982,10.101273,1478540697971,3,1478540695673
-0.6061554,0.18852234,10.187408,1478540697991,3,1478540695693
-0.65878296,0.1980896,10.097687,1478540698011,3,1478540695713
-0.62768555,0.170578,10.147934,1478540698032,3,1478540695740
-0.6025543,0.175354,10.1419525,1478540698051,3,1478540695754
-0.5881958,0.19927979,10.113235,1478540698070,3,1478540695773
-0.6073456,0.20646667,10.17186,1478540698090,3,1478540695793
-0.6372528,0.1873169,10.082123,1478540698110,3,1478540695813
-0.63845825,0.16459656,10.231674,1478540698131,3,1478540695836
-0.61691284,0.19091797,10.0928955,1478540698150,3,1478540695853
-0.6061554,0.20288086,10.169464,1478540698171,3,1478540695873
-0.6360626,0.17176819,10.125198,1478540698190,3,1478540695893
-0.6456299,0.16578674,10.095291,1478540698211,3,1478540695913
-0.60375977,0.21125793,10.17305,1478540698231,3,1478540695933
-0.6025543,0.1873169,10.09169,1478540698253,3,1478540695956
-0.62768555,0.17893982,10.159897,1478540698270,3,1478540695979
-0.64323425,0.19210815,10.113235,1478540698293,3,1478540695996
-0.6228943,0.21484375,10.15152,1478540698310,3,1478540696014
-0.60494995,0.19450378,10.183823,1478540698330,3,1478540696032
-0.61213684,0.16937256,10.11203,1478540698350,3,1478540696052
-0.6516113,0.1873169,10.196976,1478540698370,3,1478540696071
-0.6492157,0.18612671,10.11203,1478540698390,3,1478540696092
-0.60853577,0.17655945,10.1957855,1478540698410,3,1478540696112
-0.6097412,0.19689941,10.119217,1478540698430,3,1478540696132
-0.6300812,0.19210815,10.126389,1478540698450,3,1478540696152
-0.63246155,0.16697693,10.157501,1478540698470,3,1478540696172
-0.6300812,0.16937256,10.100067,1478540698490,3,1478540696192
-0.62768555,0.19091797,10.194595,1478540698510,3,1478540696212
-0.6360626,0.22680664,10.096481,1478540698530,3,1478540696232
-0.64323425,0.18612671,10.180237,1478540698550,3,1478540696252
-0.6348572,0.18014526,10.140747,1478540698570,3,1478540696272
-0.65519714,0.16818237,10.100067,1478540698591,3,1478540696304
-0.6228943,0.17416382,10.183823,1478540698609,3,1478540696315
-0.6348572,0.17893982,10.102463,1478540698631,3,1478540696336
-0.6348572,0.22680664,10.181427,1478540698650,3,1478540696352
-0.6061554,0.23158264,10.114426,1478540698670,3,1478540696372
-0.6193085,0.15501404,10.135971,1478540698690,3,1478540696392
-0.63964844,0.14065552,10.158691,1478540698710,3,1478540696412
-0.6564026,0.17176819,10.103668,1478540698730,3,1478540696432
-0.6217041,0.22322083,10.175446,1478540698750,3,1478540696452
-0.5870056,0.21244812,10.123993,1478540698771,3,1478540696473
-0.6480255,0.17176819,10.1622925,1478540698790,3,1478540696492
-0.6635742,0.17655945,10.144333,1478540698809,3,1478540696511
-0.6575928,0.17893982,10.15271,1478540698829,3,1478540696531
-0.61213684,0.170578,10.180237,1478540698850,3,1478540696552
-0.62409973,0.21244812,10.08931,1478540698869,3,1478540696571
-0.6217041,0.19689941,10.207748,1478540698890,3,1478540696593
-0.63845825,0.16459656,10.0905,1478540698911,3,1478540696613
-0.62887573,0.15142822,10.179031,1478540698929,3,1478540696631
-0.61691284,0.1873169,10.138351,1478540698949,3,1478540696651
-0.61213684,0.20407104,10.106049,1478540698969,3,1478540696670
-0.60494995,0.20646667,10.19339,1478540698990,3,1478540696692
-0.64682007,0.1980896,10.07016,1478540699010,3,1478540696712
-0.6348572,0.16459656,10.205353,1478540699030,3,1478540696733
-0.6001587,0.17893982,10.113235,1478540699050,3,1478540696753
-0.6444397,0.1825409,10.169464,1478540699070,3,1478540696772
-0.6300812,0.24235535,10.128784,1478540699090,3,1478540696792
-0.60136414,0.1825409,10.128784,1478540699110,3,1478540696812
-0.61213684,0.1490326,10.175446,1478540699130,3,1478540696833
-0.65519714,0.16459656,10.09169,1478540699150,3,1478540696855
-0.64323425,0.17893982,10.187408,1478540699170,3,1478540696872
-0.61691284,0.21961975,10.118011,1478540699190,3,1478540696895
-0.63246155,0.19450378,10.153915,1478540699210,3,1478540696914
-0.6348572,0.2208252,10.1670685,1478540699229,3,1478540696932
-0.6228943,0.18373108,10.0928955,1478540699249,3,1478540696952
-0.61572266,0.16697693,10.19339,1478540699276,3,1478540696982
-0.63127136,0.18014526,10.098877,1478540699289,3,1478540696992
-0.6360626,0.2088623,10.170654,1478540699309,3,1478540697011
-0.6252899,0.19689941,10.125198,1478540699329,3,1478540697031
-0.63246155,0.17655945,10.17186,1478540699349,3,1478540697054
-0.63964844,0.17176819,10.145538,1478540699369,3,1478540697072
-0.6073456,0.175354,10.085709,1478540699389,3,1478540697091
-0.6217041,0.17176819,10.185013,1478540699409,3,1478540697112
-0.62049866,0.18373108,10.104858,1478540699429,3,1478540697133
-0.63845825,0.19329834,10.170654,1478540699449,3,1478540697152
-0.6252899,0.20407104,10.133575,1478540699469,3,1478540697171
-0.613327,0.170578,10.147934,1478540699490,3,1478540697192
-0.64204407,0.18493652,10.149124,1478540699509,3,1478540697211
-0.64204407,0.19210815,10.126389,1478540699529,3,1478540697231
-0.6252899,0.2088623,10.185013,1478540699549,3,1478540697251
-0.6193085,0.20048523,10.115631,1478540699569,3,1478540697270
-0.6300812,0.17774963,10.147934,1478540699589,3,1478540697291
-0.64323425,0.175354,10.176636,1478540699609,3,1478540697312
-0.613327,0.18373108,10.122803,1478540699629,3,1478540697331
-0.61691284,0.20646667,10.174255,1478540699649,3,1478540697351
-0.6193085,0.21125793,10.115631,1478540699669,3,1478540697371
-0.6264801,0.19927979,10.15152,1478540699690,3,1478540697392
-0.5977783,0.15142822,10.140747,1478540699709,3,1478540697411
-0.6360626,0.17295837,10.144333,1478540699729,3,1478540697431
-0.63964844,0.19569397,10.165878,1478540699749,3,1478540697452
-0.61572266,0.17774963,10.0905,1478540699770,3,1478540697473
-0.62887573,0.1825409,10.185013,1478540699789,3,1478540697491
-0.63127136,0.19091797,10.119217,1478540699809,3,1478540697511
-0.60136414,0.16459656,10.165878,1478540699829,3,1478540697531
-0.6516113,0.16697693,10.13118,1478540699849,3,1478540697551
-0.62768555,0.18493652,10.123993,1478540699869,3,1478540697571
-0.6097412,0.20167542,10.17305,1478540699889,3,1478540697591
-0.6217041,0.16339111,10.122803,1478540699910,3,1478540697612
-0.6193085,0.16459656,10.168274,1478540699929,3,1478540697631
-0.63964844,0.20407104,10.120407,1478540699949,3,1478540697652
-0.62049866,0.20167542,10.135971,1478540699969,3,1478540697671
-0.613327,0.16937256,10.176636,1478540699989,3,1478540697691
-0.6145172,0.16697693,10.085709,1478540700011,3,1478540697717
-0.6300812,0.19091797,10.181427,1478540700037,3,1478540697743
-0.63845825,0.18852234,10.118011,1478540700053,3,1478540697756
-0.5881958,0.19569397,10.15271,1478540700072,3,1478540697781
-0.62887573,0.19569397,10.101273,1478540700090,3,1478540697793
-0.61213684,0.15382385,10.134766,1478540700109,3,1478540697810
-0.6109314,0.18133545,10.190994,1478540700129,3,1478540697830
-0.6408386,0.18852234,10.134766,1478540700149,3,1478540697852
-0.62887573,0.19569397,10.165878,1478540700168,3,1478540697870
-0.62887573,0.2136383,10.077347,1478540700188,3,1478540697890
-0.6264801,0.1478424,10.183823,1478540700209,3,1478540697911
-0.6408386,0.16937256,10.11203,1478540700229,3,1478540697931
-0.6145172,0.20288086,10.180237,1478540700249,3,1478540697951
-0.6061554,0.21005249,10.147934,1478540700270,3,1478540697977
-0.60853577,0.20048523,10.115631,1478540700289,3,1478540697990
-0.63246155,0.18612671,10.180237,1478540700308,3,1478540698010
-0.63845825,0.17774963,10.128784,1478540700329,3,1478540698031
-0.64204407,0.19091797,10.183823,1478540700349,3,1478540698051
-0.62887573,0.2256012,10.127594,1478540700369,3,1478540698071
-0.62049866,0.19927979,10.1622925,1478540700389,3,1478540698090
-0.60494995,0.20167542,10.15152,1478540700409,3,1478540698112
-0.6193085,0.1825409,10.174255,1478540700429,3,1478540698133
-0.66238403,0.17416382,10.177841,1478540700449,3,1478540698154
-0.64204407,0.16099548,10.145538,1478540700468,3,1478540698171
-0.62049866,0.18493652,10.155106,1478540700488,3,1478540698191
-0.6001587,0.20288086,10.128784,1478540700508,3,1478540698210
-0.62887573,0.21125793,10.163483,1478540700528,3,1478540698231
-0.6372528,0.19210815,10.181427,1478540700548,3,1478540698251
-0.63246155,0.17416382,10.108444,1478540700568,3,1478540698270
-0.6097412,0.20167542,10.137161,1478540700588,3,1478540698290
-0.6001587,0.19927979,10.137161,1478540700608,3,1478540698310
-0.6300812,0.18612671,10.040253,1478540700628,3,1478540698338
-0.68989563,0.19450378,10.2161255,1478540700649,3,1478540698355
-0.6444397,0.19329834,10.07016,1478540700671,3,1478540698373
-0.59298706,0.175354,10.1670685,1478540700688,3,1478540698389
-0.6145172,0.16578674,10.096481,1478540700708,3,1478540698409
-0.64204407,0.20646667,10.175446,1478540700728,3,1478540698430
-0.6599884,0.21723938,10.076141,1478540700748,3,1478540698450
-0.6228943,0.19450378,10.140747,1478540700769,3,1478540698471
-0.613327,0.17295837,10.170654,1478540700789,3,1478540698495
-0.62409973,0.17176819,10.098877,1478540700809,3,1478540698514
-0.61572266,0.18493652,10.165878,1478540700828,3,1478540698530
-0.633667,0.19927979,10.119217,1478540700848,3,1478540698549
-0.6300812,0.2136383,10.161087,1478540700868,3,1478540698570
-0.65519714,0.18971252,10.0928955,1478540700889,3,1478540698592
-0.6252899,0.16818237,10.13118,1478540700909,3,1478540698611
-0.5965729,0.16220093,10.164673,1478540700928,3,1478540698632
-0.62768555,0.1980896,10.086914,1478540700949,3,1478540698652
-0.65878296,0.20646667,10.179031,1478540700969,3,1478540698672
-0.6528015,0.20407104,10.11203,1478540700989,3,1478540698692
-0.60853577,0.17893982,10.153915,1478540701008,3,1478540698714
-0.6109314,0.18133545,10.138351,1478540701029,3,1478540698732
-0.5953827,0.18493652,10.140747,1478540701048,3,1478540698750
-0.6145172,0.18133545,10.149124,1478540701068,3,1478540698770
-0.6456299,0.19689941,10.11084,1478540701088,3,1478540698790
-0.6193085,0.19091797,10.17186,1478540701108,3,1478540698810
-0.6516113,0.16937256,10.278336,1478540701128,3,1478540698831
-0.59417725,0.1598053,10.098877,1478540701148,3,1478540698851
-0.6300812,0.17774963,10.182617,1478540701168,3,1478540698871
-0.64323425,0.18852234,10.076141,1478540701188,3,1478540698894
-0.63246155,0.20407104,10.180237,1478540701208,3,1478540698911
-0.6228943,0.19689941,10.123993,1478540701229,3,1478540698931
-0.61572266,0.19569397,10.175446,1478540701251,3,1478540698954
-0.5989685,0.17893982,10.11084,1478540701268,3,1478540698969
-0.63246155,0.16818237,10.15271,1478540701287,3,1478540698989
-0.6348572,0.19569397,10.13118,1478540701308,3,1478540699010
-0.6456299,0.21244812,10.1467285,1478540701328,3,1478540699030
